hour_dt,predicted_kwh,tariff_price,actual_kwh,utilization,satisfaction
2018-10-28 10:00:00+00:00,1.0577441411635176,0.23801301802459038,0.0,0.0,0.9520520720983615
2018-10-28 11:00:00+00:00,0.5976538461538461,0.23778986896132123,0.0,0.0,0.9511594758452849
2018-10-28 12:00:00+00:00,0.9294615384615385,0.2379507994928431,0.0,0.0,0.9518031979713724
2018-10-28 13:00:00+00:00,1.1335219189412784,0.23804977111482317,13.252,1.0,0.9521990844592927
2018-10-28 14:00:00+00:00,9.043115384615383,0.24188601454757774,32.74132078852958,1.0,0.967544058190311
2018-10-28 15:00:00+00:00,16.009206292390484,0.2452646484322266,7.533699223416454,0.4705854297722043,0.9810585937289064
2018-10-28 16:00:00+00:00,27.442611501700245,0.2508099809247984,74.34191009557865,1.0,0.9967600763008064
2018-10-28 17:00:00+00:00,29.32869191710326,0.25172475153072615,68.5508625,1.0,0.9931009938770954
2018-10-28 18:00:00+00:00,35.40048625022982,0.25466964133278475,58.08150418160389,1.0,0.981321434668861
2018-10-28 19:00:00+00:00,31.852808664529917,0.25294897706619063,64.743,1.0,0.9882040917352375
2018-10-28 20:00:00+00:00,33.789626217719096,0.25388835576512264,39.26862813620214,1.0,0.9844465769395094
2018-10-28 21:00:00+00:00,26.314874149894198,0.2502630153912962,28.761000000000003,1.0,0.9989479384348152
2018-10-28 22:00:00+00:00,20.31902722635785,0.2473549609528425,1.123,0.05526839387976428,0.98941984381137
2018-10-28 23:00:00+00:00,29.84093795940163,0.251973196728858,13.867,0.4646971894404241,0.9921072130845681
2018-10-29 00:00:00+00:00,36.09697783303449,0.2550074477285368,39.06587096774016,1.0,0.9799702090858529
2018-10-29 01:00:00+00:00,28.355532223600715,0.2512527579321395,29.819000000000003,1.0,0.9949889682714419
2018-10-29 02:00:00+00:00,21.918152904145003,0.2481305552240504,5.783,0.263845225703593,0.9925222208962016
2018-10-29 03:00:00+00:00,27.73669230769231,0.2509526134843076,23.187,0.8359684616600616,0.9961895460627697
2018-10-29 04:00:00+00:00,14.283072982836973,0.24442745400477958,3.074,0.21521979224595594,0.9777098160191183
2018-10-29 05:00:00+00:00,11.452353391232709,0.2430545225778499,2.842,0.24815860137320586,0.9722180903113996
2018-10-29 06:00:00+00:00,3.2390808226495724,0.23907099130163595,0.0,0.0,0.9562839652065438
2018-10-29 07:00:00+00:00,3.2211809461443988,0.2390623096564935,0.0,0.0,0.956249238625974
2018-10-29 08:00:00+00:00,1.569521321569407,0.2382612358193337,0.0,0.0,0.9530449432773348
2018-10-29 09:00:00+00:00,2.720360031247122,0.23881940577602245,0.0,0.0,0.9552776231040898
2018-10-29 10:00:00+00:00,1.1981538461538461,0.23808111833985965,0.0,0.0,0.9523244733594386
2018-10-29 11:00:00+00:00,10.862304721647787,0.2427683422142795,0.0,0.0,0.971073368857118
2018-10-29 12:00:00+00:00,4.000961538461538,0.23944051217590848,9.035,1.0,0.9577620487036339
2018-10-29 13:00:00+00:00,27.420274480746194,0.25079914721377217,23.613,0.8611511170896716,0.9968034111449113
2018-10-29 14:00:00+00:00,73.41182745152048,0.27310557722335543,121.85934737156661,1.0,0.9075776911065783
2018-10-29 15:00:00+00:00,167.3814948445675,0.31868194230193464,323.2773025686832,1.0,0.7252722307922614
2018-10-29 16:00:00+00:00,77.87270316377156,0.2752691530417239,66.75581003583777,0.85724274776292,0.8989233878331044
2018-10-29 17:00:00+00:00,41.61537915862511,0.25768393558299785,13.864999999999998,0.3331700991393315,0.9692642576680086
2018-10-29 18:00:00+00:00,17.18296359227089,0.24583393416768887,0.0,0.0,0.9833357366707555
2018-10-29 19:00:00+00:00,27.516036945133706,0.25084559310592897,36.464370071686346,1.0,0.9966176275762841
2018-10-29 20:00:00+00:00,25.53718317480037,0.24988582636017045,6.223,0.24368388468704505,0.9995433054406818
2018-10-29 21:00:00+00:00,13.935752630732422,0.2442589996555636,26.34178405017982,1.0,0.9770359986222544
2018-10-29 22:00:00+00:00,18.591274285451654,0.2465169809856371,42.414,1.0,0.9860679239425484
2018-10-29 23:00:00+00:00,23.627275756134967,0.24895949938472964,15.331,0.648868712509914,0.9958379975389186
2018-10-30 00:00:00+00:00,39.42935018633383,0.256623686491163,98.50699999999999,1.0,0.9735052540353479
2018-10-30 01:00:00+00:00,38.211682756410255,0.2560331038396531,73.978,1.0,0.9758675846413876
2018-10-30 02:00:00+00:00,40.34658601001743,0.2570685563722971,39.2726120071722,0.9733812917261802,0.9717257745108117
2018-10-30 03:00:00+00:00,21.212540345556494,0.24778832505056528,26.111,1.0,0.9911533002022611
2018-10-30 04:00:00+00:00,13.999589188034188,0.24428996111708262,3.154389187574531,0.2253201251270051,0.9771598444683305
2018-10-30 05:00:00+00:00,10.440443950464017,0.2425637349079731,4.821,0.4617619732334978,0.9702549396318924
2018-10-30 06:00:00+00:00,3.824518346199744,0.2393549352065603,0.0,0.0,0.9574197408262412
2018-10-30 07:00:00+00:00,1.2423024423306908,0.2381025309147137,0.0,0.0,0.9524101236588548
2018-10-30 08:00:00+00:00,1.9674314860766378,0.23845422680705536,0.0,0.0,0.9538169072282214
2018-10-30 09:00:00+00:00,0.37634615384615383,0.23768253219554208,0.0,0.0,0.9507301287821683
2018-10-30 10:00:00+00:00,0.9538528857641767,0.2379626295756801,0.0,0.0,0.9518505183027204
2018-10-30 11:00:00+00:00,12.795,0.24370572156269618,0.0,0.0,0.9748228862507847
2018-10-30 12:00:00+00:00,4.732902596153846,0.23979551197304358,32.149,1.0,0.9591820478921743
2018-10-30 13:00:00+00:00,24.61397796893666,0.2494380612603016,18.567,0.7543274810529177,0.9977522450412064
2018-10-30 14:00:00+00:00,68.8511297667948,0.27089358660490753,63.817433990443206,0.9268901499016619,0.9164256535803699
2018-10-30 15:00:00+00:00,146.07515868980178,0.3083481252095014,187.1306323177975,1.0,0.7666074991619944
2018-10-30 16:00:00+00:00,103.3515049398031,0.2876266637547509,85.04185125447998,0.8228409572169505,0.8494933449809965
2018-10-30 17:00:00+00:00,35.239615384615384,0.25459161712023665,24.125,0.6845988452681095,0.9816335315190534
2018-10-30 18:00:00+00:00,16.909384615384617,0.24570124523013798,21.223,1.0,0.9828049809205519
2018-10-30 19:00:00+00:00,27.931714593672464,0.25104720152692683,29.46436350059618,1.0,0.9958111938922927
2018-10-30 20:00:00+00:00,17.357903122415177,0.24591878184368607,27.693615591396828,1.0,0.9836751273747443
2018-10-30 21:00:00+00:00,11.722372874735832,0.24318548512033708,12.02,1.0,0.9727419404813483
2018-10-30 22:00:00+00:00,24.316501102839915,0.24929378157274085,15.738,0.6472148247579075,0.9971751262909634
2018-10-30 23:00:00+00:00,21.992226346384193,0.24816648169202435,39.38824641577394,1.0,0.9926659267680974
2018-10-31 00:00:00+00:00,34.26226376252099,0.2541175903882658,23.048,0.6726934378811211,0.9835296384469367
2018-10-31 01:00:00+00:00,42.71180738213398,0.25821571583063974,72.33539187574493,1.0,0.9671371366774411
2018-10-31 02:00:00+00:00,43.799695857457955,0.25874335420259176,109.75099999999999,1.0,0.965026583189633
2018-10-31 03:00:00+00:00,35.60642307692307,0.25476952305267253,43.46124551971083,1.0,0.9809219077893099
2018-10-31 04:00:00+00:00,15.951502986858626,0.24523666166807043,3.064,0.19208221335157097,0.9809466466722817
2018-10-31 05:00:00+00:00,11.26272966639096,0.2429625528992216,4.886,0.4338202322817249,0.9718502115968864
2018-10-31 06:00:00+00:00,5.4735000000000005,0.24015471019721904,3.38,0.6175207819493924,0.9606188407888762
2018-10-31 07:00:00+00:00,2.818788394908333,0.23886714465986403,0.0,0.0,0.9554685786394561
2018-10-31 08:00:00+00:00,1.3277774331402505,0.23814398726434544,0.0,0.0,0.9525759490573817
2018-10-31 09:00:00+00:00,0.2012583861776956,0.2375976126226476,0.0,0.0,0.9503904504905905
2018-10-31 10:00:00+00:00,0.237,0.23761494771476038,0.0,0.0,0.9504597908590415
2018-10-31 11:00:00+00:00,9.586925925925925,0.24214976888929188,0.0,0.0,0.9685990755571675
2018-10-31 12:00:00+00:00,5.815444444444444,0.24032055716964054,37.068999999999996,1.0,0.9612822286785622
2018-10-31 13:00:00+00:00,20.761444444444443,0.24756953837136442,13.686923055555557,0.6592471488282233,0.9902781534854577
2018-10-31 14:00:00+00:00,61.09572359396424,0.26713212577534895,49.138999999999996,0.8042952453853011,0.9314714968986042
2018-10-31 15:00:00+00:00,148.14892262566804,0.3093539244727095,135.24471923535552,0.9128970824653384,0.7625843021091621
2018-10-31 16:00:00+00:00,92.79059670781841,0.2825045022903599,66.14969713261527,0.7128922485638202,0.8699819908385604
2018-10-31 17:00:00+00:00,35.56236281472607,0.2547481533208105,6.895,0.19388475495629437,0.9810073867167579
2018-10-31 18:00:00+00:00,13.934861044736506,0.24425856722614275,6.611,0.47442166655096396,0.977034268904571
2018-10-31 19:00:00+00:00,25.084971923536305,0.24966649872336988,6.837,0.2725536237728492,0.9986659948934795
2018-10-31 20:00:00+00:00,17.02700003318727,0.24575829005501984,11.45857437275966,0.6729649586201791,0.9830331602200794
2018-10-31 21:00:00+00:00,14.920942243019248,0.24473682790255952,20.273999999999997,1.0,0.9789473116102381
2018-10-31 22:00:00+00:00,14.498919724766548,0.2445321421470719,31.456687275985544,1.0,0.9781285685882876
2018-10-31 23:00:00+00:00,24.927255574472248,0.2495900044874827,12.629331541218441,0.5066474928813267,0.9983600179499308
2018-11-01 00:00:00+00:00,29.297033010310194,0.2517093965982887,4.66,0.1590604754536084,0.9931624136068451
2018-11-01 01:00:00+00:00,55.78454909509271,0.26455614530556476,28.930999999999997,0.5186203074023774,0.941775418777741
2018-11-01 02:00:00+00:00,42.45127538829169,0.2580893548293142,64.96128853046582,1.0,0.9676425806827431
2018-11-01 03:00:00+00:00,28.50135819560628,0.25132348519895287,13.572795101552488,0.4762157300856226,0.9947060592041885
2018-11-01 04:00:00+00:00,14.097382162927424,0.2443373918300936,27.64,1.0,0.9773495673203744
2018-11-01 05:00:00+00:00,8.668222222222223,0.24170418706953395,3.576597371564988,0.4126102538529609,0.9668167482781358
2018-11-01 06:00:00+00:00,3.3361547081728364,0.23911807324806553,0.98,0.2937513651867577,0.9564722929922621
2018-11-01 07:00:00+00:00,1.5435758551261456,0.23824865197091158,0.0,0.0,0.9529946078836463
2018-11-01 08:00:00+00:00,1.8159142550555296,0.23838073921442793,0.0,0.0,0.9535229568577117
2018-11-01 09:00:00+00:00,1.0171481481481481,0.23799332850296362,0.0,0.0,0.9519733140118545
2018-11-01 10:00:00+00:00,0.5898888888888889,0.2377861028681026,0.0,0.0,0.9511444114724104
2018-11-01 11:00:00+00:00,10.423925925925925,0.24255572347686333,0.0,0.0,0.9702228939074533
2018-11-01 12:00:00+00:00,3.879696718106996,0.23938169734898618,0.0,0.0,0.9575267893959447
2018-11-01 13:00:00+00:00,22.315565412186398,0.2483233048426856,10.754,0.481905781967205,0.9932932193707424
2018-11-01 14:00:00+00:00,58.85182991426592,0.2660438116375997,67.20456660693051,1.0,0.9358247534496011
2018-11-01 15:00:00+00:00,139.4234624621658,0.3051219763460121,101.96265830345519,0.7313163545276604,0.7795120946159515
2018-11-01 16:00:00+00:00,88.63727589284875,0.28049009412011744,103.523,1.0,0.8780396235195302
2018-11-01 17:00:00+00:00,47.40891126742326,0.260493865018851,29.589,0.6241231702853277,0.9580245399245959
2018-11-01 18:00:00+00:00,15.660048605911866,0.2450953029547931,20.661,1.0,0.9803812118191724
2018-11-01 19:00:00+00:00,17.17125517058275,0.24582825544905385,9.654702341696602,0.5622595579522184,0.9833130217962154
2018-11-01 20:00:00+00:00,20.727565224124756,0.2475531065614336,14.338188470727827,0.6917449452306945,0.9902124262457344
2018-11-01 21:00:00+00:00,12.308481481481481,0.24346975450829828,1.741,0.14144718035440784,0.9738790180331931
2018-11-01 22:00:00+00:00,14.755224202398264,0.24465645275461037,13.334000000000001,0.9036799317378545,0.9786258110184415
2018-11-01 23:00:00+00:00,20.72370166821543,0.24755123269256174,33.947,1.0,0.990204930770247
2018-11-02 00:00:00+00:00,43.402647729214614,0.25855078131233244,1.5476135005969727,0.03565712189386233,0.9657968747506702
2018-11-02 01:00:00+00:00,46.893659967476395,0.2602439622363354,11.03469474312805,0.2353131478920878,0.9590241510546584
2018-11-02 02:00:00+00:00,33.41638573609441,0.25370732985618244,11.775,0.35237203966320446,0.9851706805752702
2018-11-02 03:00:00+00:00,29.77029287800345,0.2519389330551627,7.334,0.24635296770690876,0.9922442677793493
2018-11-02 04:00:00+00:00,19.596105989203366,0.24700433587198745,0.701,0.03577241317158734,0.9880173434879498
2018-11-02 05:00:00+00:00,13.181720961104478,0.2438932856585987,0.0,0.0,0.9755731426343948
2018-11-02 06:00:00+00:00,5.737666666666667,0.24028283405649836,0.0,0.0,0.9611313362259934
2018-11-02 07:00:00+00:00,4.409333333333333,0.23963857717419162,0.0,0.0,0.9585543086967665
2018-11-02 08:00:00+00:00,3.174851851851852,0.23903983951507643,0.0,0.0,0.9561593580603057
2018-11-02 09:00:00+00:00,2.528653944864801,0.23872642612819417,0.0,0.0,0.9549057045127767
2018-11-02 10:00:00+00:00,0.6323747510951289,0.2378067089979348,0.0,0.0,0.9512268359917392
2018-11-02 11:00:00+00:00,8.69974074074074,0.24171947391205012,0.0,0.0,0.9668778956482005
2018-11-02 12:00:00+00:00,3.468518518518519,0.23918227121226895,0.0,0.0,0.9567290848490758
2018-11-02 13:00:00+00:00,25.269177585291366,0.24975584057933894,4.294,0.16993034243027533,0.9990233623173558
2018-11-02 14:00:00+00:00,63.70684213903282,0.268398548179248,40.44407407407342,0.6348466305363073,0.9264058072830079
2018-11-02 15:00:00+00:00,145.2139528508984,0.30793043051279156,138.09079689366587,0.9509471657689369,0.7682782779488337
2018-11-02 16:00:00+00:00,101.25898820744236,0.2866117691704356,57.956,0.5723541290109428,0.8535529233182575
2018-11-02 17:00:00+00:00,50.963276982388294,0.26221777310474914,35.25,0.6916745171661856,0.9511289075810034
2018-11-02 18:00:00+00:00,15.901141588123108,0.24521223581280974,29.765445041814946,1.0,0.980848943251239
2018-11-02 19:00:00+00:00,16.839778109650794,0.24566748527753648,11.884149342889495,0.7057188797564231,0.9826699411101459
2018-11-02 20:00:00+00:00,18.786847050754393,0.24661183601703335,14.634,0.7789492276412804,0.9864473440681334
2018-11-02 21:00:00+00:00,15.959105336519338,0.2452403488947384,0.0,0.0,0.9809613955789536
2018-11-02 22:00:00+00:00,16.810390758440615,0.24565323207557668,11.563102449221866,0.6878544714028109,0.9826129283023067
2018-11-02 23:00:00+00:00,20.273158425151475,0.24733271405884474,0.868,0.04281523292015189,0.989330856235379
2018-11-03 00:00:00+00:00,44.59700065600224,0.2591300561627612,56.48,1.0,0.9634797753489552
2018-11-03 01:00:00+00:00,44.8446743668967,0.25925018074956935,0.0,0.0,0.9629992770017226
2018-11-03 02:00:00+00:00,32.54641257356499,0.253285382907087,0.0,0.0,0.9868584683716519
2018-11-03 03:00:00+00:00,21.913851851851852,0.24812846916442102,7.49,0.3417929467916454,0.9925138766576841
2018-11-03 04:00:00+00:00,24.518485696269565,0.24939174641422415,48.608,1.0,0.9975669856568966
2018-11-03 05:00:00+00:00,21.702111111111112,0.24802577247973823,0.0,0.0,0.9921030899189529
2018-11-03 06:00:00+00:00,9.782029016770627,0.24224439612319604,0.0,0.0,0.9689775844927841
2018-11-03 07:00:00+00:00,7.641911378821941,0.24120641455441724,0.0,0.0,0.964825658217669
2018-11-03 08:00:00+00:00,9.262151157130868,0.24199224940623357,0.0,0.0,0.9679689976249343
2018-11-03 09:00:00+00:00,2.125185185185185,0.23853073915814194,0.0,0.0,0.9541229566325677
2018-11-03 10:00:00+00:00,1.470814814814815,0.23821336203290577,0.0,0.0,0.9528534481316231
2018-11-03 11:00:00+00:00,1.6983703703703705,0.23832372908392746,0.0,0.0,0.9532949163357098
2018-11-03 12:00:00+00:00,0.8989629629629631,0.23793600733437473,0.0,0.0,0.9517440293374989
2018-11-03 13:00:00+00:00,5.639412139917696,0.24023517948555045,0.0,0.0,0.9609407179422018
2018-11-03 14:00:00+00:00,25.56638780709308,0.24989999094136228,4.79,0.18735536815533532,0.9995999637654491
2018-11-03 15:00:00+00:00,21.712287438271606,0.2480307081149777,0.0,0.0,0.9921228324599108
2018-11-03 16:00:00+00:00,38.60240740740741,0.2562226097710146,1.697,0.043960988808028664,0.9751095609159417
2018-11-03 17:00:00+00:00,32.99711111111111,0.2535039768604067,0.743,0.022517122711079085,0.9859840925583732
2018-11-03 18:00:00+00:00,30.292271262224013,0.2521920985506077,3.896,0.12861366406877875,0.9912316057975692
2018-11-03 19:00:00+00:00,34.61572742554917,0.2542890243136494,11.93,0.3446410313248165,0.9828439027454023
2018-11-03 20:00:00+00:00,31.648358635890954,0.25284981646039006,0.0,0.0,0.9886007341584397
2018-11-03 21:00:00+00:00,25.336444444444446,0.2497884657765489,15.375000000000002,0.6068333713403617,0.9991538631061956
2018-11-03 22:00:00+00:00,29.28054235806901,0.2517013984430565,5.202237753880411,0.17766876344921254,0.993194406227774
2018-11-03 23:00:00+00:00,34.832683581131974,0.2543942505342715,0.0,0.0,0.982422997862914
2018-11-04 00:00:00+00:00,22.332740740740743,0.24833163507377246,0.0,0.0,0.9933265402950898
2018-11-04 01:00:00+00:00,17.837323702597573,0.24615130631668633,15.93,0.8930711952982152,0.9846052252667453
2018-11-04 02:00:00+00:00,14.193010100004347,0.2443837724749638,0.9886469534048106,0.06965731345491734,0.9775350898998552
2018-11-04 03:00:00+00:00,16.05813159874326,0.24528837776623166,0.521,0.03244462139298787,0.9811535110649267
2018-11-04 04:00:00+00:00,13.875267080401725,0.2442296634708103,12.745000000000001,0.9185408775303372,0.9769186538832412
2018-11-04 05:00:00+00:00,10.8154716801629,0.2427456276527016,0.0,0.0,0.9709825106108064
2018-11-04 06:00:00+00:00,11.031925925925927,0.2428506104413119,29.81,1.0,0.9714024417652476
2018-11-04 07:00:00+00:00,5.5541695982122965,0.24019383587639684,0.0,0.0,0.9607753435055874
2018-11-04 08:00:00+00:00,4.021418348156958,0.23945043396293705,0.0,0.0,0.9578017358517482
2018-11-04 09:00:00+00:00,3.6813333333333333,0.23928548883518083,0.0,0.0,0.9571419553407233
2018-11-04 10:00:00+00:00,1.0577441411635176,0.23801301802459038,0.0,0.0,0.9520520720983615
2018-11-04 11:00:00+00:00,0.5976538461538461,0.23778986896132123,0.0,0.0,0.9511594758452849
2018-11-04 12:00:00+00:00,0.9294615384615385,0.2379507994928431,0.0,0.0,0.9518031979713724
2018-11-04 13:00:00+00:00,1.1335219189412784,0.23804977111482317,0.0,0.0,0.9521990844592927
2018-11-04 14:00:00+00:00,9.043115384615383,0.24188601454757774,0.0,0.0,0.967544058190311
2018-11-04 15:00:00+00:00,16.009206292390484,0.2452646484322266,9.595,0.599342642274571,0.9810585937289064
2018-11-04 16:00:00+00:00,27.442611501700245,0.2508099809247984,29.893,1.0,0.9967600763008064
2018-11-04 17:00:00+00:00,29.32869191710326,0.25172475153072615,5.689,0.19397387432347143,0.9931009938770954
2018-11-04 18:00:00+00:00,35.40048625022982,0.25466964133278475,1.8057280555555557,0.05100856645842917,0.981321434668861
2018-11-04 19:00:00+00:00,31.852808664529917,0.25294897706619063,3.2853682795694876,0.10314218485944536,0.9882040917352375
2018-11-04 20:00:00+00:00,33.789626217719096,0.25388835576512264,29.90531929510219,0.8850443950581496,0.9844465769395094
2018-11-04 21:00:00+00:00,26.314874149894198,0.2502630153912962,1.670088112305851,0.06346555574587712,0.9989479384348152
2018-11-04 22:00:00+00:00,20.31902722635785,0.2473549609528425,7.65268608123576,0.37662659712905416,0.98941984381137
2018-11-04 23:00:00+00:00,29.84093795940163,0.251973196728858,0.8,0.026808808794428447,0.9921072130845681
2018-11-05 00:00:00+00:00,36.09697783303449,0.2550074477285368,0.972,0.026927462030088986,0.9799702090858529
2018-11-05 01:00:00+00:00,28.355532223600715,0.2512527579321395,9.921923237753976,0.34991137389041205,0.9949889682714419
2018-11-05 02:00:00+00:00,21.918152904145003,0.2481305552240504,18.543,0.8460110704170368,0.9925222208962016
2018-11-05 03:00:00+00:00,27.73669230769231,0.2509526134843076,42.756,1.0,0.9961895460627697
2018-11-05 04:00:00+00:00,14.283072982836973,0.24442745400477958,3.007,0.2105289249458652,0.9777098160191183
2018-11-05 05:00:00+00:00,11.452353391232709,0.2430545225778499,13.404,1.0,0.9722180903113996
2018-11-05 06:00:00+00:00,3.2390808226495724,0.23907099130163595,0.0,0.0,0.9562839652065438
2018-11-05 07:00:00+00:00,3.2211809461443988,0.2390623096564935,0.0,0.0,0.956249238625974
2018-11-05 08:00:00+00:00,1.569521321569407,0.2382612358193337,0.0,0.0,0.9530449432773348
2018-11-05 09:00:00+00:00,2.720360031247122,0.23881940577602245,0.0,0.0,0.9552776231040898
2018-11-05 10:00:00+00:00,1.1981538461538461,0.23808111833985965,0.0,0.0,0.9523244733594386
2018-11-05 11:00:00+00:00,10.862304721647787,0.2427683422142795,0.0,0.0,0.971073368857118
2018-11-05 12:00:00+00:00,4.000961538461538,0.23944051217590848,0.0,0.0,0.9577620487036339
2018-11-05 13:00:00+00:00,27.420274480746194,0.25079914721377217,39.082,1.0,0.9968034111449113
2018-11-05 14:00:00+00:00,73.41182745152048,0.27310557722335543,16.191,0.22055029226308487,0.9075776911065783
2018-11-05 15:00:00+00:00,167.3814948445675,0.31868194230193464,46.942748805255384,0.2804536358624769,0.7252722307922614
2018-11-05 16:00:00+00:00,77.87270316377156,0.2752691530417239,222.25143160095524,1.0,0.8989233878331044
2018-11-05 17:00:00+00:00,41.61537915862511,0.25768393558299785,123.17304808841067,1.0,0.9692642576680086
2018-11-05 18:00:00+00:00,17.18296359227089,0.24583393416768887,18.140152927116585,1.0,0.9833357366707555
2018-11-05 19:00:00+00:00,27.516036945133706,0.25084559310592897,0.0,0.0,0.9966176275762841
2018-11-05 20:00:00+00:00,25.53718317480037,0.24988582636017045,8.070136499401949,0.3160151393425965,0.9995433054406818
2018-11-05 21:00:00+00:00,13.935752630732422,0.2442589996555636,0.0,0.0,0.9770359986222544
2018-11-05 22:00:00+00:00,18.591274285451654,0.2465169809856371,22.428843787335115,1.0,0.9860679239425484
2018-11-05 23:00:00+00:00,23.627275756134967,0.24895949938472964,16.125307347669676,0.6824869491558984,0.9958379975389186
2018-11-06 00:00:00+00:00,39.42935018633383,0.256623686491163,19.566,0.4962293293583508,0.9735052540353479
2018-11-06 01:00:00+00:00,38.211682756410255,0.2560331038396531,0.947,0.024782996499706222,0.9758675846413876
2018-11-06 02:00:00+00:00,40.34658601001743,0.2570685563722971,12.878,0.3191843789906435,0.9717257745108117
2018-11-06 03:00:00+00:00,21.212540345556494,0.24778832505056528,14.329,0.6754966527618921,0.9911533002022611
2018-11-06 04:00:00+00:00,13.999589188034188,0.24428996111708262,27.418,1.0,0.9771598444683305
2018-11-06 05:00:00+00:00,10.440443950464017,0.2425637349079731,28.166,1.0,0.9702549396318924
2018-11-06 06:00:00+00:00,3.824518346199744,0.2393549352065603,9.588,1.0,0.9574197408262412
2018-11-06 07:00:00+00:00,1.2423024423306908,0.2381025309147137,1.647,1.0,0.9524101236588548
2018-11-06 08:00:00+00:00,1.9674314860766378,0.23845422680705536,0.0,0.0,0.9538169072282214
2018-11-06 09:00:00+00:00,0.37634615384615383,0.23768253219554208,0.0,0.0,0.9507301287821683
2018-11-06 10:00:00+00:00,0.9538528857641767,0.2379626295756801,0.0,0.0,0.9518505183027204
2018-11-06 11:00:00+00:00,12.795,0.24370572156269618,0.0,0.0,0.9748228862507847
2018-11-06 12:00:00+00:00,4.732902596153846,0.23979551197304358,0.0,0.0,0.9591820478921743
2018-11-06 13:00:00+00:00,24.61397796893666,0.2494380612603016,13.87,0.563500951268593,0.9977522450412064
2018-11-06 14:00:00+00:00,68.8511297667948,0.27089358660490753,16.929,0.24587831829833587,0.9164256535803699
2018-11-06 15:00:00+00:00,146.07515868980178,0.3083481252095014,64.741,0.4432033521694191,0.7666074991619944
2018-11-06 16:00:00+00:00,103.3515049398031,0.2876266637547509,141.18800000000002,1.0,0.8494933449809965
2018-11-06 17:00:00+00:00,35.239615384615384,0.25459161712023665,68.998,1.0,0.9816335315190534
2018-11-06 18:00:00+00:00,16.909384615384617,0.24570124523013798,44.671,1.0,0.9828049809205519
2018-11-06 19:00:00+00:00,27.931714593672464,0.25104720152692683,2.3,0.08234367397270458,0.9958111938922927
2018-11-06 20:00:00+00:00,17.357903122415177,0.24591878184368607,46.568,1.0,0.9836751273747443
2018-11-06 21:00:00+00:00,11.722372874735832,0.24318548512033708,14.126999999999999,1.0,0.9727419404813483
2018-11-06 22:00:00+00:00,24.316501102839915,0.24929378157274085,1.503,0.06180987937546924,0.9971751262909634
2018-11-06 23:00:00+00:00,21.992226346384193,0.24816648169202435,0.0,0.0,0.9926659267680974
2018-11-07 00:00:00+00:00,34.26226376252099,0.2541175903882658,31.722,0.9258582626026087,0.9835296384469367
2018-11-07 01:00:00+00:00,42.71180738213398,0.25821571583063974,0.901,0.021094869433618987,0.9671371366774411
2018-11-07 02:00:00+00:00,43.799695857457955,0.25874335420259176,2.981,0.06805983333083836,0.965026583189633
2018-11-07 03:00:00+00:00,35.60642307692307,0.25476952305267253,23.71948984467572,0.6661576141313839,0.9809219077893099
2018-11-07 04:00:00+00:00,15.951502986858626,0.24523666166807043,8.212,0.5148104229905681,0.9809466466722817
2018-11-07 05:00:00+00:00,11.26272966639096,0.2429625528992216,0.0,0.0,0.9718502115968864
2018-11-07 06:00:00+00:00,5.4735000000000005,0.24015471019721904,0.0,0.0,0.9606188407888762
2018-11-07 07:00:00+00:00,2.818788394908333,0.23886714465986403,0.0,0.0,0.9554685786394561
2018-11-07 08:00:00+00:00,1.3277774331402505,0.23814398726434544,0.0,0.0,0.9525759490573817
2018-11-07 09:00:00+00:00,0.2012583861776956,0.2375976126226476,0.0,0.0,0.9503904504905905
2018-11-07 10:00:00+00:00,0.237,0.23761494771476038,0.0,0.0,0.9504597908590415
2018-11-07 11:00:00+00:00,9.586925925925925,0.24214976888929188,0.0,0.0,0.9685990755571675
2018-11-07 12:00:00+00:00,5.815444444444444,0.24032055716964054,0.0,0.0,0.9612822286785622
2018-11-07 13:00:00+00:00,20.761444444444443,0.24756953837136442,43.338,1.0,0.9902781534854577
2018-11-07 14:00:00+00:00,61.09572359396424,0.26713212577534895,19.951,0.3265531337772878,0.9314714968986042
2018-11-07 15:00:00+00:00,148.14892262566804,0.3093539244727095,63.314,0.42736726584220414,0.7625843021091621
2018-11-07 16:00:00+00:00,92.79059670781841,0.2825045022903599,118.405,1.0,0.8699819908385604
2018-11-07 17:00:00+00:00,35.56236281472607,0.2547481533208105,33.316,0.9368331393943299,0.9810073867167579
2018-11-07 18:00:00+00:00,13.934861044736506,0.24425856722614275,27.65,1.0,0.977034268904571
2018-11-07 19:00:00+00:00,25.084971923536305,0.24966649872336988,5.822,0.23209115073943662,0.9986659948934795
2018-11-07 20:00:00+00:00,17.02700003318727,0.24575829005501984,12.306999999999999,0.7227932093740803,0.9830331602200794
2018-11-07 21:00:00+00:00,14.920942243019248,0.24473682790255952,26.514,1.0,0.9789473116102381
2018-11-07 22:00:00+00:00,14.498919724766548,0.2445321421470719,13.875,0.9569678474941281,0.9781285685882876
2018-11-07 23:00:00+00:00,24.927255574472248,0.2495900044874827,0.0,0.0,0.9983600179499308
2018-11-08 00:00:00+00:00,29.297033010310194,0.2517093965982887,0.0,0.0,0.9931624136068451
2018-11-08 01:00:00+00:00,55.78454909509271,0.26455614530556476,0.0,0.0,0.941775418777741
2018-11-08 02:00:00+00:00,42.45127538829169,0.2580893548293142,25.686,0.605070160202639,0.9676425806827431
2018-11-08 03:00:00+00:00,28.50135819560628,0.25132348519895287,28.752,1.0,0.9947060592041885
2018-11-08 04:00:00+00:00,14.097382162927424,0.2443373918300936,12.472,0.8847032630496624,0.9773495673203744
2018-11-08 05:00:00+00:00,8.668222222222223,0.24170418706953395,0.834,0.09621350014100032,0.9668167482781358
2018-11-08 06:00:00+00:00,3.3361547081728364,0.23911807324806553,0.0,0.0,0.9564722929922621
2018-11-08 07:00:00+00:00,1.5435758551261456,0.23824865197091158,0.0,0.0,0.9529946078836463
2018-11-08 08:00:00+00:00,1.8159142550555296,0.23838073921442793,54.223,1.0,0.9535229568577117
2018-11-08 09:00:00+00:00,1.0171481481481481,0.23799332850296362,0.0,0.0,0.9519733140118545
2018-11-08 10:00:00+00:00,0.5898888888888889,0.2377861028681026,0.0,0.0,0.9511444114724104
2018-11-08 11:00:00+00:00,10.423925925925925,0.24255572347686333,0.0,0.0,0.9702228939074533
2018-11-08 12:00:00+00:00,3.879696718106996,0.23938169734898618,0.0,0.0,0.9575267893959447
2018-11-08 13:00:00+00:00,22.315565412186398,0.2483233048426856,0.0,0.0,0.9932932193707424
2018-11-08 14:00:00+00:00,58.85182991426592,0.2660438116375997,39.633,0.6734370037046682,0.9358247534496011
2018-11-08 15:00:00+00:00,139.4234624621658,0.3051219763460121,64.26400000000001,0.4609267254242722,0.7795120946159515
2018-11-08 16:00:00+00:00,88.63727589284875,0.28049009412011744,173.35399999999998,1.0,0.8780396235195302
2018-11-08 17:00:00+00:00,47.40891126742326,0.260493865018851,52.842,1.0,0.9580245399245959
2018-11-08 18:00:00+00:00,15.660048605911866,0.2450953029547931,22.348,1.0,0.9803812118191724
2018-11-08 19:00:00+00:00,17.17125517058275,0.24582825544905385,5.875,0.3421415581817725,0.9833130217962154
2018-11-08 20:00:00+00:00,20.727565224124756,0.2475531065614336,3.231,0.15587937922585562,0.9902124262457344
2018-11-08 21:00:00+00:00,12.308481481481481,0.24346975450829828,5.916,0.48064418091710326,0.9738790180331931
2018-11-08 22:00:00+00:00,14.755224202398264,0.24465645275461037,10.878,0.7372304107877892,0.9786258110184415
2018-11-08 23:00:00+00:00,20.72370166821543,0.24755123269256174,11.135,0.5373074838786204,0.990204930770247
2018-11-09 00:00:00+00:00,43.402647729214614,0.25855078131233244,17.365,0.40009079879962023,0.9657968747506702
2018-11-09 01:00:00+00:00,46.893659967476395,0.2602439622363354,31.187,0.6650579208709682,0.9590241510546584
2018-11-09 02:00:00+00:00,33.41638573609441,0.25370732985618244,14.035,0.42000353092764964,0.9851706805752702
2018-11-09 03:00:00+00:00,29.77029287800345,0.2519389330551627,9.993,0.335670194477112,0.9922442677793493
2018-11-09 04:00:00+00:00,19.596105989203366,0.24700433587198745,12.81,0.653701302037138,0.9880173434879498
2018-11-09 05:00:00+00:00,13.181720961104478,0.2438932856585987,0.969,0.07351088699717163,0.9755731426343948
2018-11-09 06:00:00+00:00,5.737666666666667,0.24028283405649836,11.181,1.0,0.9611313362259934
2018-11-09 07:00:00+00:00,4.409333333333333,0.23963857717419162,0.0,0.0,0.9585543086967665
2018-11-09 08:00:00+00:00,3.174851851851852,0.23903983951507643,0.0,0.0,0.9561593580603057
2018-11-09 09:00:00+00:00,2.528653944864801,0.23872642612819417,0.0,0.0,0.9549057045127767
2018-11-09 10:00:00+00:00,0.6323747510951289,0.2378067089979348,1.479,1.0,0.9512268359917392
2018-11-09 11:00:00+00:00,8.69974074074074,0.24171947391205012,0.0,0.0,0.9668778956482005
2018-11-09 12:00:00+00:00,3.468518518518519,0.23918227121226895,0.0,0.0,0.9567290848490758
2018-11-09 13:00:00+00:00,25.269177585291366,0.24975584057933894,0.0,0.0,0.9990233623173558
2018-11-09 14:00:00+00:00,63.70684213903282,0.268398548179248,37.334,0.586028105403857,0.9264058072830079
2018-11-09 15:00:00+00:00,145.2139528508984,0.30793043051279156,100.902,0.6948505843898026,0.7682782779488337
2018-11-09 16:00:00+00:00,101.25898820744236,0.2866117691704356,126.821,1.0,0.8535529233182575
2018-11-09 17:00:00+00:00,50.963276982388294,0.26221777310474914,86.264,1.0,0.9511289075810034
2018-11-09 18:00:00+00:00,15.901141588123108,0.24521223581280974,25.008,1.0,0.980848943251239
2018-11-09 19:00:00+00:00,16.839778109650794,0.24566748527753648,0.0,0.0,0.9826699411101459
2018-11-09 20:00:00+00:00,18.786847050754393,0.24661183601703335,2.295,0.12215993422418603,0.9864473440681334
2018-11-09 21:00:00+00:00,15.959105336519338,0.2452403488947384,44.783,1.0,0.9809613955789536
2018-11-09 22:00:00+00:00,16.810390758440615,0.24565323207557668,7.464,0.444011094522135,0.9826129283023067
2018-11-09 23:00:00+00:00,20.273158425151475,0.24733271405884474,9.571,0.4721020671414443,0.989330856235379
2018-11-10 00:00:00+00:00,44.59700065600224,0.2591300561627612,22.569,0.5060654229661177,0.9634797753489552
2018-11-10 01:00:00+00:00,44.8446743668967,0.25925018074956935,0.0,0.0,0.9629992770017226
2018-11-10 02:00:00+00:00,32.54641257356499,0.253285382907087,13.508,0.41503806201275567,0.9868584683716519
2018-11-10 03:00:00+00:00,21.913851851851852,0.24812846916442102,0.0,0.0,0.9925138766576841
2018-11-10 04:00:00+00:00,24.518485696269565,0.24939174641422415,0.891,0.03633992780131457,0.9975669856568966
2018-11-10 05:00:00+00:00,21.702111111111112,0.24802577247973823,11.016,0.5076003870591187,0.9921030899189529
2018-11-10 06:00:00+00:00,9.782029016770627,0.24224439612319604,1.863,0.19045128539345083,0.9689775844927841
2018-11-10 07:00:00+00:00,7.641911378821941,0.24120641455441724,0.0,0.0,0.964825658217669
2018-11-10 08:00:00+00:00,9.262151157130868,0.24199224940623357,47.051,1.0,0.9679689976249343
2018-11-10 09:00:00+00:00,2.125185185185185,0.23853073915814194,0.0,0.0,0.9541229566325677
2018-11-10 10:00:00+00:00,1.470814814814815,0.23821336203290577,0.0,0.0,0.9528534481316231
2018-11-10 11:00:00+00:00,1.6983703703703705,0.23832372908392746,0.0,0.0,0.9532949163357098
2018-11-10 12:00:00+00:00,0.8989629629629631,0.23793600733437473,0.0,0.0,0.9517440293374989
2018-11-10 13:00:00+00:00,5.639412139917696,0.24023517948555045,0.0,0.0,0.9609407179422018
2018-11-10 14:00:00+00:00,25.56638780709308,0.24989999094136228,0.0,0.0,0.9995999637654491
2018-11-10 15:00:00+00:00,21.712287438271606,0.2480307081149777,18.244999999999997,0.8403075931944451,0.9921228324599108
2018-11-10 16:00:00+00:00,38.60240740740741,0.2562226097710146,0.0,0.0,0.9751095609159417
2018-11-10 17:00:00+00:00,32.99711111111111,0.2535039768604067,5.505,0.16683278670860074,0.9859840925583732
2018-11-10 18:00:00+00:00,30.292271262224013,0.2521920985506077,76.046,1.0,0.9912316057975692
2018-11-10 19:00:00+00:00,34.61572742554917,0.2542890243136494,14.791,0.42729132391662705,0.9828439027454023
2018-11-10 20:00:00+00:00,31.648358635890954,0.25284981646039006,9.837,0.31082180637463797,0.9886007341584397
2018-11-10 21:00:00+00:00,25.336444444444446,0.2497884657765489,28.315,1.0,0.9991538631061956
2018-11-10 22:00:00+00:00,29.28054235806901,0.2517013984430565,4.38,0.1495873931034948,0.993194406227774
2018-11-10 23:00:00+00:00,34.832683581131974,0.2543942505342715,8.044,0.2309325372896977,0.982422997862914
2018-11-11 00:00:00+00:00,22.332740740740743,0.24833163507377246,32.878,1.0,0.9933265402950898
2018-11-11 01:00:00+00:00,17.837323702597573,0.24615130631668633,0.0,0.0,0.9846052252667453
2018-11-11 02:00:00+00:00,14.193010100004347,0.2443837724749638,16.354,1.0,0.9775350898998552
2018-11-11 03:00:00+00:00,16.05813159874326,0.24528837776623166,9.55,0.594714269295651,0.9811535110649267
2018-11-11 04:00:00+00:00,13.875267080401725,0.2442296634708103,0.0,0.0,0.9769186538832412
2018-11-11 05:00:00+00:00,10.8154716801629,0.2427456276527016,27.38,1.0,0.9709825106108064
2018-11-11 06:00:00+00:00,11.031925925925927,0.2428506104413119,0.872,0.07904331536080465,0.9714024417652476
2018-11-11 07:00:00+00:00,5.5541695982122965,0.24019383587639684,0.0,0.0,0.9607753435055874
2018-11-11 08:00:00+00:00,4.021418348156958,0.23945043396293705,5.796,1.0,0.9578017358517482
2018-11-11 09:00:00+00:00,3.6813333333333333,0.23928548883518083,0.0,0.0,0.9571419553407233
2018-11-11 10:00:00+00:00,1.0577441411635176,0.23801301802459038,0.0,0.0,0.9520520720983615
2018-11-11 11:00:00+00:00,0.5976538461538461,0.23778986896132123,0.0,0.0,0.9511594758452849
2018-11-11 12:00:00+00:00,0.9294615384615385,0.2379507994928431,0.0,0.0,0.9518031979713724
2018-11-11 13:00:00+00:00,1.1335219189412784,0.23804977111482317,0.0,0.0,0.9521990844592927
2018-11-11 14:00:00+00:00,9.043115384615383,0.24188601454757774,2.365,0.2615249169576517,0.967544058190311
2018-11-11 15:00:00+00:00,16.009206292390484,0.2452646484322266,0.0,0.0,0.9810585937289064
2018-11-11 16:00:00+00:00,27.442611501700245,0.2508099809247984,4.712,0.17170377533887624,0.9967600763008064
2018-11-11 17:00:00+00:00,29.32869191710326,0.25172475153072615,0.0,0.0,0.9931009938770954
2018-11-11 18:00:00+00:00,35.40048625022982,0.25466964133278475,47.042,1.0,0.981321434668861
2018-11-11 19:00:00+00:00,31.852808664529917,0.25294897706619063,0.0,0.0,0.9882040917352375
2018-11-11 20:00:00+00:00,33.789626217719096,0.25388835576512264,14.873,0.44016467966137723,0.9844465769395094
2018-11-11 21:00:00+00:00,26.314874149894198,0.2502630153912962,6.017,0.22865395311131262,0.9989479384348152
2018-11-11 22:00:00+00:00,20.31902722635785,0.2473549609528425,0.818,0.040257832763710755,0.98941984381137
2018-11-11 23:00:00+00:00,29.84093795940163,0.251973196728858,5.585000000000001,0.18715899639610362,0.9921072130845681
2018-11-12 00:00:00+00:00,36.09697783303449,0.2550074477285368,0.0,0.0,0.9799702090858529
2018-11-12 01:00:00+00:00,28.355532223600715,0.2512527579321395,40.259,1.0,0.9949889682714419
2018-11-12 02:00:00+00:00,21.918152904145003,0.2481305552240504,10.918,0.49812591634650316,0.9925222208962016
2018-11-12 03:00:00+00:00,27.73669230769231,0.2509526134843076,0.0,0.0,0.9961895460627697
2018-11-12 04:00:00+00:00,14.283072982836973,0.24442745400477958,0.0,0.0,0.9777098160191183
2018-11-12 05:00:00+00:00,11.452353391232709,0.2430545225778499,0.0,0.0,0.9722180903113996
2018-11-12 06:00:00+00:00,3.2390808226495724,0.23907099130163595,0.805,0.24852729650058838,0.9562839652065438
2018-11-12 07:00:00+00:00,3.2211809461443988,0.2390623096564935,0.0,0.0,0.956249238625974
2018-11-12 08:00:00+00:00,1.569521321569407,0.2382612358193337,0.0,0.0,0.9530449432773348
2018-11-12 09:00:00+00:00,2.720360031247122,0.23881940577602245,6.204,1.0,0.9552776231040898
2018-11-12 10:00:00+00:00,1.1981538461538461,0.23808111833985965,0.0,0.0,0.9523244733594386
2018-11-12 11:00:00+00:00,10.862304721647787,0.2427683422142795,0.0,0.0,0.971073368857118
2018-11-12 12:00:00+00:00,4.000961538461538,0.23944051217590848,0.0,0.0,0.9577620487036339
2018-11-12 13:00:00+00:00,27.420274480746194,0.25079914721377217,0.0,0.0,0.9968034111449113
2018-11-12 14:00:00+00:00,73.41182745152048,0.27310557722335543,20.57,0.28020008102351035,0.9075776911065783
2018-11-12 15:00:00+00:00,167.3814948445675,0.31868194230193464,71.339,0.42620601558282334,0.7252722307922614
2018-11-12 16:00:00+00:00,77.87270316377156,0.2752691530417239,200.173,1.0,0.8989233878331044
2018-11-12 17:00:00+00:00,41.61537915862511,0.25768393558299785,55.13,1.0,0.9692642576680086
2018-11-12 18:00:00+00:00,17.18296359227089,0.24583393416768887,29.718,1.0,0.9833357366707555
2018-11-12 19:00:00+00:00,27.516036945133706,0.25084559310592897,0.0,0.0,0.9966176275762841
2018-11-12 20:00:00+00:00,25.53718317480037,0.24988582636017045,8.248999999999999,0.32301918122825557,0.9995433054406818
2018-11-12 21:00:00+00:00,13.935752630732422,0.2442589996555636,12.181999999999999,0.8741544373523907,0.9770359986222544
2018-11-12 22:00:00+00:00,18.591274285451654,0.2465169809856371,8.941,0.4809245381849192,0.9860679239425484
2018-11-12 23:00:00+00:00,23.627275756134967,0.24895949938472964,14.639,0.6195805284999433,0.9958379975389186
2018-11-13 00:00:00+00:00,39.42935018633383,0.256623686491163,20.985000000000003,0.5322177489821626,0.9735052540353479
2018-11-13 01:00:00+00:00,38.211682756410255,0.2560331038396531,12.549,0.32840741612968677,0.9758675846413876
2018-11-13 02:00:00+00:00,40.34658601001743,0.2570685563722971,11.778,0.2919206100133405,0.9717257745108117
2018-11-13 03:00:00+00:00,21.212540345556494,0.24778832505056528,0.881,0.04153203650521508,0.9911533002022611
2018-11-13 04:00:00+00:00,13.999589188034188,0.24428996111708262,0.0,0.0,0.9771598444683305
2018-11-13 05:00:00+00:00,10.440443950464017,0.2425637349079731,0.0,0.0,0.9702549396318924
2018-11-13 06:00:00+00:00,3.824518346199744,0.2393549352065603,2.346,0.6134105755646636,0.9574197408262412
2018-11-13 07:00:00+00:00,1.2423024423306908,0.2381025309147137,0.0,0.0,0.9524101236588548
2018-11-13 08:00:00+00:00,1.9674314860766378,0.23845422680705536,0.0,0.0,0.9538169072282214
2018-11-13 09:00:00+00:00,0.37634615384615383,0.23768253219554208,0.0,0.0,0.9507301287821683
2018-11-13 10:00:00+00:00,0.9538528857641767,0.2379626295756801,0.0,0.0,0.9518505183027204
2018-11-13 11:00:00+00:00,12.795,0.24370572156269618,0.0,0.0,0.9748228862507847
2018-11-13 12:00:00+00:00,4.732902596153846,0.23979551197304358,0.0,0.0,0.9591820478921743
2018-11-13 13:00:00+00:00,24.61397796893666,0.2494380612603016,0.0,0.0,0.9977522450412064
2018-11-13 14:00:00+00:00,68.8511297667948,0.27089358660490753,60.634,0.880653668362059,0.9164256535803699
2018-11-13 15:00:00+00:00,146.07515868980178,0.3083481252095014,52.204,0.35737767097592493,0.7666074991619944
2018-11-13 16:00:00+00:00,103.3515049398031,0.2876266637547509,88.353,0.8548786982004861,0.8494933449809965
2018-11-13 17:00:00+00:00,35.239615384615384,0.25459161712023665,79.28800000000001,1.0,0.9816335315190534
2018-11-13 18:00:00+00:00,16.909384615384617,0.24570124523013798,28.914,1.0,0.9828049809205519
2018-11-13 19:00:00+00:00,27.931714593672464,0.25104720152692683,8.082,0.289348510020608,0.9958111938922927
2018-11-13 20:00:00+00:00,17.357903122415177,0.24591878184368607,44.391999999999996,1.0,0.9836751273747443
2018-11-13 21:00:00+00:00,11.722372874735832,0.24318548512033708,2.404,0.20507793308478722,0.9727419404813483
2018-11-13 22:00:00+00:00,24.316501102839915,0.24929378157274085,35.366,1.0,0.9971751262909634
2018-11-13 23:00:00+00:00,21.992226346384193,0.24816648169202435,13.786,0.6268578625404425,0.9926659267680974
2018-11-14 00:00:00+00:00,34.26226376252099,0.2541175903882658,24.052,0.7019968139498752,0.9835296384469367
2018-11-14 01:00:00+00:00,42.71180738213398,0.25821571583063974,31.733,0.7429561506515331,0.9671371366774411
2018-11-14 02:00:00+00:00,43.799695857457955,0.25874335420259176,13.759,0.31413460140858945,0.965026583189633
2018-11-14 03:00:00+00:00,35.60642307692307,0.25476952305267253,11.757,0.33019323436674675,0.9809219077893099
2018-11-14 04:00:00+00:00,15.951502986858626,0.24523666166807043,15.988,1.0,0.9809466466722817
2018-11-14 05:00:00+00:00,11.26272966639096,0.2429625528992216,4.125,0.36625224276752255,0.9718502115968864
2018-11-14 06:00:00+00:00,5.4735000000000005,0.24015471019721904,29.624,1.0,0.9606188407888762
2018-11-14 07:00:00+00:00,2.818788394908333,0.23886714465986403,0.0,0.0,0.9554685786394561
2018-11-14 08:00:00+00:00,1.3277774331402505,0.23814398726434544,0.865,0.6514646042403642,0.9525759490573817
2018-11-14 09:00:00+00:00,0.2012583861776956,0.2375976126226476,0.0,0.0,0.9503904504905905
2018-11-14 10:00:00+00:00,0.237,0.23761494771476038,0.0,0.0,0.9504597908590415
2018-11-14 11:00:00+00:00,9.586925925925925,0.24214976888929188,0.0,0.0,0.9685990755571675
2018-11-14 12:00:00+00:00,5.815444444444444,0.24032055716964054,0.0,0.0,0.9612822286785622
2018-11-14 13:00:00+00:00,20.761444444444443,0.24756953837136442,0.0,0.0,0.9902781534854577
2018-11-14 14:00:00+00:00,61.09572359396424,0.26713212577534895,36.942,0.6046577047767312,0.9314714968986042
2018-11-14 15:00:00+00:00,148.14892262566804,0.3093539244727095,54.684,0.3691150703685613,0.7625843021091621
2018-11-14 16:00:00+00:00,92.79059670781841,0.2825045022903599,66.78,0.7196849936236396,0.8699819908385604
2018-11-14 17:00:00+00:00,35.56236281472607,0.2547481533208105,96.203,1.0,0.9810073867167579
2018-11-14 18:00:00+00:00,13.934861044736506,0.24425856722614275,0.94,0.06745671858386115,0.977034268904571
2018-11-14 19:00:00+00:00,25.084971923536305,0.24966649872336988,63.818,1.0,0.9986659948934795
2018-11-14 20:00:00+00:00,17.02700003318727,0.24575829005501984,2.503,0.14700182035128978,0.9830331602200794
2018-11-14 21:00:00+00:00,14.920942243019248,0.24473682790255952,7.611000000000001,0.5100884298081645,0.9789473116102381
2018-11-14 22:00:00+00:00,14.498919724766548,0.2445321421470719,0.992,0.06841889042985046,0.9781285685882876
2018-11-14 23:00:00+00:00,24.927255574472248,0.2495900044874827,14.346,0.5755146192143027,0.9983600179499308
2018-11-15 00:00:00+00:00,29.297033010310194,0.2517093965982887,0.0,0.0,0.9931624136068451
2018-11-15 01:00:00+00:00,55.78454909509271,0.26455614530556476,55.21,0.9897005693437926,0.941775418777741
2018-11-15 02:00:00+00:00,42.45127538829169,0.2580893548293142,8.83,0.20800317350265912,0.9676425806827431
2018-11-15 03:00:00+00:00,28.50135819560628,0.25132348519895287,13.307,0.46689003059690626,0.9947060592041885
2018-11-15 04:00:00+00:00,14.097382162927424,0.2443373918300936,21.531,1.0,0.9773495673203744
2018-11-15 05:00:00+00:00,8.668222222222223,0.24170418706953395,0.0,0.0,0.9668167482781358
2018-11-15 06:00:00+00:00,3.3361547081728364,0.23911807324806553,0.0,0.0,0.9564722929922621
2018-11-15 07:00:00+00:00,1.5435758551261456,0.23824865197091158,0.0,0.0,0.9529946078836463
2018-11-15 08:00:00+00:00,1.8159142550555296,0.23838073921442793,2.71,1.0,0.9535229568577117
2018-11-15 09:00:00+00:00,1.0171481481481481,0.23799332850296362,0.0,0.0,0.9519733140118545
2018-11-15 10:00:00+00:00,0.5898888888888889,0.2377861028681026,0.0,0.0,0.9511444114724104
2018-11-15 11:00:00+00:00,10.423925925925925,0.24255572347686333,0.0,0.0,0.9702228939074533
2018-11-15 12:00:00+00:00,3.879696718106996,0.23938169734898618,0.0,0.0,0.9575267893959447
2018-11-15 13:00:00+00:00,22.315565412186398,0.2483233048426856,0.0,0.0,0.9932932193707424
2018-11-15 14:00:00+00:00,58.85182991426592,0.2660438116375997,72.364,1.0,0.9358247534496011
2018-11-15 15:00:00+00:00,139.4234624621658,0.3051219763460121,71.026,0.5094264533795647,0.7795120946159515
2018-11-15 16:00:00+00:00,88.63727589284875,0.28049009412011744,185.15,1.0,0.8780396235195302
2018-11-15 17:00:00+00:00,47.40891126742326,0.260493865018851,51.301,1.0,0.9580245399245959
2018-11-15 18:00:00+00:00,15.660048605911866,0.2450953029547931,62.161,1.0,0.9803812118191724
2018-11-15 19:00:00+00:00,17.17125517058275,0.24582825544905385,6.798,0.39589418085441525,0.9833130217962154
2018-11-15 20:00:00+00:00,20.727565224124756,0.2475531065614336,42.653,1.0,0.9902124262457344
2018-11-15 21:00:00+00:00,12.308481481481481,0.24346975450829828,2.282,0.18540061204408886,0.9738790180331931
2018-11-15 22:00:00+00:00,14.755224202398264,0.24465645275461037,0.0,0.0,0.9786258110184415
2018-11-15 23:00:00+00:00,20.72370166821543,0.24755123269256174,41.218999999999994,1.0,0.990204930770247
2018-11-16 00:00:00+00:00,43.402647729214614,0.25855078131233244,1.413,0.03255561754701201,0.9657968747506702
2018-11-16 01:00:00+00:00,46.893659967476395,0.2602439622363354,24.377000000000002,0.5198357308196232,0.9590241510546584
2018-11-16 02:00:00+00:00,33.41638573609441,0.25370732985618244,0.882,0.026394236856301174,0.9851706805752702
2018-11-16 03:00:00+00:00,29.77029287800345,0.2519389330551627,8.067,0.2709748282644714,0.9922442677793493
2018-11-16 04:00:00+00:00,19.596105989203366,0.24700433587198745,26.873,1.0,0.9880173434879498
2018-11-16 05:00:00+00:00,13.181720961104478,0.2438932856585987,18.454,1.0,0.9755731426343948
2018-11-16 06:00:00+00:00,5.737666666666667,0.24028283405649836,0.0,0.0,0.9611313362259934
2018-11-16 07:00:00+00:00,4.409333333333333,0.23963857717419162,0.0,0.0,0.9585543086967665
2018-11-16 08:00:00+00:00,3.174851851851852,0.23903983951507643,0.0,0.0,0.9561593580603057
2018-11-16 09:00:00+00:00,2.528653944864801,0.23872642612819417,5.981,1.0,0.9549057045127767
2018-11-16 10:00:00+00:00,0.6323747510951289,0.2378067089979348,0.0,0.0,0.9512268359917392
2018-11-16 11:00:00+00:00,8.69974074074074,0.24171947391205012,0.0,0.0,0.9668778956482005
2018-11-16 12:00:00+00:00,3.468518518518519,0.23918227121226895,0.0,0.0,0.9567290848490758
2018-11-16 13:00:00+00:00,25.269177585291366,0.24975584057933894,0.0,0.0,0.9990233623173558
2018-11-16 14:00:00+00:00,63.70684213903282,0.268398548179248,9.888,0.15521095800699997,0.9264058072830079
2018-11-16 15:00:00+00:00,145.2139528508984,0.30793043051279156,87.753,0.6043014343814627,0.7682782779488337
2018-11-16 16:00:00+00:00,101.25898820744236,0.2866117691704356,120.125,1.0,0.8535529233182575
2018-11-16 17:00:00+00:00,50.963276982388294,0.26221777310474914,56.20399999999999,1.0,0.9511289075810034
2018-11-16 18:00:00+00:00,15.901141588123108,0.24521223581280974,11.138000000000002,0.7004528535434968,0.980848943251239
2018-11-16 19:00:00+00:00,16.839778109650794,0.24566748527753648,40.097,1.0,0.9826699411101459
2018-11-16 20:00:00+00:00,18.786847050754393,0.24661183601703335,9.138,0.48640413025734724,0.9864473440681334
2018-11-16 21:00:00+00:00,15.959105336519338,0.2452403488947384,18.564,1.0,0.9809613955789536
2018-11-16 22:00:00+00:00,16.810390758440615,0.24565323207557668,0.874,0.05199165281515889,0.9826129283023067
2018-11-16 23:00:00+00:00,20.273158425151475,0.24733271405884474,0.0,0.0,0.989330856235379
2018-11-17 00:00:00+00:00,44.59700065600224,0.2591300561627612,47.235,1.0,0.9634797753489552
2018-11-17 01:00:00+00:00,44.8446743668967,0.25925018074956935,2.401,0.05354035978400063,0.9629992770017226
2018-11-17 02:00:00+00:00,32.54641257356499,0.253285382907087,0.0,0.0,0.9868584683716519
2018-11-17 03:00:00+00:00,21.913851851851852,0.24812846916442102,0.946,0.0431690424118687,0.9925138766576841
2018-11-17 04:00:00+00:00,24.518485696269565,0.24939174641422415,32.727,1.0,0.9975669856568966
2018-11-17 05:00:00+00:00,21.702111111111112,0.24802577247973823,0.0,0.0,0.9921030899189529
2018-11-17 06:00:00+00:00,9.782029016770627,0.24224439612319604,0.0,0.0,0.9689775844927841
2018-11-17 07:00:00+00:00,7.641911378821941,0.24120641455441724,10.447,1.0,0.964825658217669
2018-11-17 08:00:00+00:00,9.262151157130868,0.24199224940623357,0.0,0.0,0.9679689976249343
2018-11-17 09:00:00+00:00,2.125185185185185,0.23853073915814194,0.0,0.0,0.9541229566325677
2018-11-17 10:00:00+00:00,1.470814814814815,0.23821336203290577,0.0,0.0,0.9528534481316231
2018-11-17 11:00:00+00:00,1.6983703703703705,0.23832372908392746,0.0,0.0,0.9532949163357098
2018-11-17 12:00:00+00:00,0.8989629629629631,0.23793600733437473,0.0,0.0,0.9517440293374989
2018-11-17 13:00:00+00:00,5.639412139917696,0.24023517948555045,0.0,0.0,0.9609407179422018
2018-11-17 14:00:00+00:00,25.56638780709308,0.24989999094136228,23.727,0.9280544509857289,0.9995999637654491
2018-11-17 15:00:00+00:00,21.712287438271606,0.2480307081149777,0.0,0.0,0.9921228324599108
2018-11-17 16:00:00+00:00,38.60240740740741,0.2562226097710146,11.711,0.3033748614795661,0.9751095609159417
2018-11-17 17:00:00+00:00,32.99711111111111,0.2535039768604067,23.393,0.7089408500407444,0.9859840925583732
2018-11-17 18:00:00+00:00,30.292271262224013,0.2521920985506077,29.345,0.9687289456104499,0.9912316057975692
2018-11-17 19:00:00+00:00,34.61572742554917,0.2542890243136494,0.0,0.0,0.9828439027454023
2018-11-17 20:00:00+00:00,31.648358635890954,0.25284981646039006,0.0,0.0,0.9886007341584397
2018-11-17 21:00:00+00:00,25.336444444444446,0.2497884657765489,0.0,0.0,0.9991538631061956
2018-11-17 22:00:00+00:00,29.28054235806901,0.2517013984430565,9.287,0.3171730867014056,0.993194406227774
2018-11-17 23:00:00+00:00,34.832683581131974,0.2543942505342715,12.792,0.3672412999763566,0.982422997862914
2018-11-18 00:00:00+00:00,22.332740740740743,0.24833163507377246,54.598,1.0,0.9933265402950898
2018-11-18 01:00:00+00:00,17.837323702597573,0.24615130631668633,7.721,0.4328564154989027,0.9846052252667453
2018-11-18 02:00:00+00:00,14.193010100004347,0.2443837724749638,0.0,0.0,0.9775350898998552
2018-11-18 03:00:00+00:00,16.05813159874326,0.24528837776623166,0.0,0.0,0.9811535110649267
2018-11-18 04:00:00+00:00,13.875267080401725,0.2442296634708103,0.0,0.0,0.9769186538832412
2018-11-18 05:00:00+00:00,10.8154716801629,0.2427456276527016,16.501,1.0,0.9709825106108064
2018-11-18 06:00:00+00:00,11.031925925925927,0.2428506104413119,17.686,1.0,0.9714024417652476
2018-11-18 07:00:00+00:00,5.5541695982122965,0.24019383587639684,30.402,1.0,0.9607753435055874
2018-11-18 08:00:00+00:00,4.021418348156958,0.23945043396293705,0.0,0.0,0.9578017358517482
2018-11-18 09:00:00+00:00,3.6813333333333333,0.23928548883518083,0.0,0.0,0.9571419553407233
2018-11-18 10:00:00+00:00,1.0577441411635176,0.23801301802459038,0.0,0.0,0.9520520720983615
2018-11-18 11:00:00+00:00,0.5976538461538461,0.23778986896132123,0.0,0.0,0.9511594758452849
2018-11-18 12:00:00+00:00,0.9294615384615385,0.2379507994928431,0.0,0.0,0.9518031979713724
2018-11-18 13:00:00+00:00,1.1335219189412784,0.23804977111482317,0.0,0.0,0.9521990844592927
2018-11-18 14:00:00+00:00,9.043115384615383,0.24188601454757774,0.0,0.0,0.967544058190311
2018-11-18 15:00:00+00:00,16.009206292390484,0.2452646484322266,2.347,0.1466031455360519,0.9810585937289064
2018-11-18 16:00:00+00:00,27.442611501700245,0.2508099809247984,4.345,0.1583304125312855,0.9967600763008064
2018-11-18 17:00:00+00:00,29.32869191710326,0.25172475153072615,23.506,0.8014677254082474,0.9931009938770954
2018-11-18 18:00:00+00:00,35.40048625022982,0.25466964133278475,4.173,0.11787973675002583,0.981321434668861
2018-11-18 19:00:00+00:00,31.852808664529917,0.25294897706619063,18.57,0.5829941150740295,0.9882040917352375
2018-11-18 20:00:00+00:00,33.789626217719096,0.25388835576512264,57.782,1.0,0.9844465769395094
2018-11-18 21:00:00+00:00,26.314874149894198,0.2502630153912962,17.697,0.6725093914261092,0.9989479384348152
2018-11-18 22:00:00+00:00,20.31902722635785,0.2473549609528425,47.7,1.0,0.98941984381137
2018-11-18 23:00:00+00:00,29.84093795940163,0.251973196728858,2.87,0.09617660155001205,0.9921072130845681
2018-11-19 00:00:00+00:00,36.09697783303449,0.2550074477285368,29.159,0.8077961577524329,0.9799702090858529
2018-11-19 01:00:00+00:00,28.355532223600715,0.2512527579321395,1.55,0.05466305438308482,0.9949889682714419
2018-11-19 02:00:00+00:00,21.918152904145003,0.2481305552240504,0.0,0.0,0.9925222208962016
2018-11-19 03:00:00+00:00,27.73669230769231,0.2509526134843076,26.932,0.9709881661891911,0.9961895460627697
2018-11-19 04:00:00+00:00,14.283072982836973,0.24442745400477958,36.536,1.0,0.9777098160191183
2018-11-19 05:00:00+00:00,11.452353391232709,0.2430545225778499,0.0,0.0,0.9722180903113996
2018-11-19 06:00:00+00:00,3.2390808226495724,0.23907099130163595,0.0,0.0,0.9562839652065438
2018-11-19 07:00:00+00:00,3.2211809461443988,0.2390623096564935,0.0,0.0,0.956249238625974
2018-11-19 08:00:00+00:00,1.569521321569407,0.2382612358193337,6.203,1.0,0.9530449432773348
2018-11-19 09:00:00+00:00,2.720360031247122,0.23881940577602245,0.0,0.0,0.9552776231040898
2018-11-19 10:00:00+00:00,1.1981538461538461,0.23808111833985965,0.0,0.0,0.9523244733594386
2018-11-19 11:00:00+00:00,10.862304721647787,0.2427683422142795,0.0,0.0,0.971073368857118
2018-11-19 12:00:00+00:00,4.000961538461538,0.23944051217590848,0.0,0.0,0.9577620487036339
2018-11-19 13:00:00+00:00,27.420274480746194,0.25079914721377217,0.0,0.0,0.9968034111449113
2018-11-19 14:00:00+00:00,73.41182745152048,0.27310557722335543,60.697,0.8268013766594073,0.9075776911065783
2018-11-19 15:00:00+00:00,167.3814948445675,0.31868194230193464,109.428,0.6537640263137582,0.7252722307922614
2018-11-19 16:00:00+00:00,77.87270316377156,0.2752691530417239,135.19,1.0,0.8989233878331044
2018-11-19 17:00:00+00:00,41.61537915862511,0.25768393558299785,37.372,0.8980333894724196,0.9692642576680086
2018-11-19 18:00:00+00:00,17.18296359227089,0.24583393416768887,36.86,1.0,0.9833357366707555
2018-11-19 19:00:00+00:00,27.516036945133706,0.25084559310592897,30.631,1.0,0.9966176275762841
2018-11-19 20:00:00+00:00,25.53718317480037,0.24988582636017045,30.68,1.0,0.9995433054406818
2018-11-19 21:00:00+00:00,13.935752630732422,0.2442589996555636,8.805,0.6318280923401577,0.9770359986222544
2018-11-19 22:00:00+00:00,18.591274285451654,0.2465169809856371,9.875,0.5311631601136424,0.9860679239425484
2018-11-19 23:00:00+00:00,23.627275756134967,0.24895949938472964,6.493,0.2748095069028029,0.9958379975389186
2018-11-20 00:00:00+00:00,39.42935018633383,0.256623686491163,1.128,0.02860813061004905,0.9735052540353479
2018-11-20 01:00:00+00:00,38.211682756410255,0.2560331038396531,16.306,0.42672813191574416,0.9758675846413876
2018-11-20 02:00:00+00:00,40.34658601001743,0.2570685563722971,34.562000000000005,0.85662762126686,0.9717257745108117
2018-11-20 03:00:00+00:00,21.212540345556494,0.24778832505056528,21.636,1.0,0.9911533002022611
2018-11-20 04:00:00+00:00,13.999589188034188,0.24428996111708262,11.482,0.8201669238847353,0.9771598444683305
2018-11-20 05:00:00+00:00,10.440443950464017,0.2425637349079731,0.0,0.0,0.9702549396318924
2018-11-20 06:00:00+00:00,3.824518346199744,0.2393549352065603,0.0,0.0,0.9574197408262412
2018-11-20 07:00:00+00:00,1.2423024423306908,0.2381025309147137,5.018,1.0,0.9524101236588548
2018-11-20 08:00:00+00:00,1.9674314860766378,0.23845422680705536,2.054,1.0,0.9538169072282214
2018-11-20 09:00:00+00:00,0.37634615384615383,0.23768253219554208,0.0,0.0,0.9507301287821683
2018-11-20 10:00:00+00:00,0.9538528857641767,0.2379626295756801,0.0,0.0,0.9518505183027204
2018-11-20 11:00:00+00:00,12.795,0.24370572156269618,0.0,0.0,0.9748228862507847
2018-11-20 12:00:00+00:00,4.732902596153846,0.23979551197304358,0.0,0.0,0.9591820478921743
2018-11-20 13:00:00+00:00,24.61397796893666,0.2494380612603016,21.909,0.8901039900031439,0.9977522450412064
2018-11-20 14:00:00+00:00,68.8511297667948,0.27089358660490753,8.803,0.12785556358794087,0.9164256535803699
2018-11-20 15:00:00+00:00,146.07515868980178,0.3083481252095014,121.175,0.8295387188818424,0.7666074991619944
2018-11-20 16:00:00+00:00,103.3515049398031,0.2876266637547509,98.908,0.9570058999877049,0.8494933449809965
2018-11-20 17:00:00+00:00,35.239615384615384,0.25459161712023665,100.351,1.0,0.9816335315190534
2018-11-20 18:00:00+00:00,16.909384615384617,0.24570124523013798,15.497,0.9164733284202672,0.9828049809205519
2018-11-20 19:00:00+00:00,27.931714593672464,0.25104720152692683,18.596,0.6657665048680063,0.9958111938922927
2018-11-20 20:00:00+00:00,17.357903122415177,0.24591878184368607,33.628,1.0,0.9836751273747443
2018-11-20 21:00:00+00:00,11.722372874735832,0.24318548512033708,40.066,1.0,0.9727419404813483
2018-11-20 22:00:00+00:00,24.316501102839915,0.24929378157274085,2.66,0.10939073794993227,0.9971751262909634
2018-11-20 23:00:00+00:00,21.992226346384193,0.24816648169202435,0.0,0.0,0.9926659267680974
2018-11-21 00:00:00+00:00,34.26226376252099,0.2541175903882658,11.761,0.3432639501440414,0.9835296384469367
2018-11-21 01:00:00+00:00,42.71180738213398,0.25821571583063974,0.963,0.02254645867322429,0.9671371366774411
2018-11-21 02:00:00+00:00,43.799695857457955,0.25874335420259176,0.0,0.0,0.965026583189633
2018-11-21 03:00:00+00:00,35.60642307692307,0.25476952305267253,10.016,0.2812975619135269,0.9809219077893099
2018-11-21 04:00:00+00:00,15.951502986858626,0.24523666166807043,5.638,0.35344631817106953,0.9809466466722817
2018-11-21 05:00:00+00:00,11.26272966639096,0.2429625528992216,7.817,0.6940590985972663,0.9718502115968864
2018-11-21 06:00:00+00:00,5.4735000000000005,0.24015471019721904,0.0,0.0,0.9606188407888762
2018-11-21 07:00:00+00:00,2.818788394908333,0.23886714465986403,0.0,0.0,0.9554685786394561
2018-11-21 08:00:00+00:00,1.3277774331402505,0.23814398726434544,45.995,1.0,0.9525759490573817
2018-11-21 09:00:00+00:00,0.2012583861776956,0.2375976126226476,0.0,0.0,0.9503904504905905
2018-11-21 10:00:00+00:00,0.237,0.23761494771476038,0.0,0.0,0.9504597908590415
2018-11-21 11:00:00+00:00,9.586925925925925,0.24214976888929188,0.0,0.0,0.9685990755571675
2018-11-21 12:00:00+00:00,5.815444444444444,0.24032055716964054,0.0,0.0,0.9612822286785622
2018-11-21 13:00:00+00:00,20.761444444444443,0.24756953837136442,0.915,0.04407207805066015,0.9902781534854577
2018-11-21 14:00:00+00:00,61.09572359396424,0.26713212577534895,43.826,0.7173333487506097,0.9314714968986042
2018-11-21 15:00:00+00:00,148.14892262566804,0.3093539244727095,65.15899999999999,0.4398209507377859,0.7625843021091621
2018-11-21 16:00:00+00:00,92.79059670781841,0.2825045022903599,64.3,0.6929581474992516,0.8699819908385604
2018-11-21 17:00:00+00:00,35.56236281472607,0.2547481533208105,68.259,1.0,0.9810073867167579
2018-11-21 18:00:00+00:00,13.934861044736506,0.24425856722614275,37.742000000000004,1.0,0.977034268904571
2018-11-21 19:00:00+00:00,25.084971923536305,0.24966649872336988,7.47,0.2977878557237361,0.9986659948934795
2018-11-21 20:00:00+00:00,17.02700003318727,0.24575829005501984,15.7,0.9220649538614659,0.9830331602200794
2018-11-21 21:00:00+00:00,14.920942243019248,0.24473682790255952,3.2190000000000003,0.21573704579588512,0.9789473116102381
2018-11-21 22:00:00+00:00,14.498919724766548,0.2445321421470719,4.247,0.29291837465279724,0.9781285685882876
2018-11-21 23:00:00+00:00,24.927255574472248,0.2495900044874827,23.958,0.9611166350994189,0.9983600179499308
2018-11-22 00:00:00+00:00,29.297033010310194,0.2517093965982887,0.0,0.0,0.9931624136068451
2018-11-22 01:00:00+00:00,55.78454909509271,0.26455614530556476,21.374000000000002,0.3831526891714223,0.941775418777741
2018-11-22 02:00:00+00:00,42.45127538829169,0.2580893548293142,6.288,0.14812275820891513,0.9676425806827431
2018-11-22 03:00:00+00:00,28.50135819560628,0.25132348519895287,16.064,0.5636222628322464,0.9947060592041885
2018-11-22 04:00:00+00:00,14.097382162927424,0.2443373918300936,0.0,0.0,0.9773495673203744
2018-11-22 05:00:00+00:00,8.668222222222223,0.24170418706953395,6.165,0.7112184992437254,0.9668167482781358
2018-11-22 06:00:00+00:00,3.3361547081728364,0.23911807324806553,0.0,0.0,0.9564722929922621
2018-11-22 07:00:00+00:00,1.5435758551261456,0.23824865197091158,0.0,0.0,0.9529946078836463
2018-11-22 08:00:00+00:00,1.8159142550555296,0.23838073921442793,0.0,0.0,0.9535229568577117
2018-11-22 09:00:00+00:00,1.0171481481481481,0.23799332850296362,0.0,0.0,0.9519733140118545
2018-11-22 10:00:00+00:00,0.5898888888888889,0.2377861028681026,0.0,0.0,0.9511444114724104
2018-11-22 11:00:00+00:00,10.423925925925925,0.24255572347686333,0.0,0.0,0.9702228939074533
2018-11-22 12:00:00+00:00,3.879696718106996,0.23938169734898618,0.0,0.0,0.9575267893959447
2018-11-22 13:00:00+00:00,22.315565412186398,0.2483233048426856,0.0,0.0,0.9932932193707424
2018-11-22 14:00:00+00:00,58.85182991426592,0.2660438116375997,0.0,0.0,0.9358247534496011
2018-11-22 15:00:00+00:00,139.4234624621658,0.3051219763460121,2.318,0.016625609198516477,0.7795120946159515
2018-11-22 16:00:00+00:00,88.63727589284875,0.28049009412011744,0.0,0.0,0.8780396235195302
2018-11-22 17:00:00+00:00,47.40891126742326,0.260493865018851,11.445,0.2414103107207265,0.9580245399245959
2018-11-22 18:00:00+00:00,15.660048605911866,0.2450953029547931,56.622,1.0,0.9803812118191724
2018-11-22 19:00:00+00:00,17.17125517058275,0.24582825544905385,0.971,0.05654799199906402,0.9833130217962154
2018-11-22 20:00:00+00:00,20.727565224124756,0.2475531065614336,0.0,0.0,0.9902124262457344
2018-11-22 21:00:00+00:00,12.308481481481481,0.24346975450829828,14.88,1.0,0.9738790180331931
2018-11-22 22:00:00+00:00,14.755224202398264,0.24465645275461037,0.0,0.0,0.9786258110184415
2018-11-22 23:00:00+00:00,20.72370166821543,0.24755123269256174,0.0,0.0,0.990204930770247
2018-11-23 00:00:00+00:00,43.402647729214614,0.25855078131233244,0.0,0.0,0.9657968747506702
2018-11-23 01:00:00+00:00,46.893659967476395,0.2602439622363354,0.0,0.0,0.9590241510546584
2018-11-23 02:00:00+00:00,33.41638573609441,0.25370732985618244,0.0,0.0,0.9851706805752702
2018-11-23 03:00:00+00:00,29.77029287800345,0.2519389330551627,0.0,0.0,0.9922442677793493
2018-11-23 04:00:00+00:00,19.596105989203366,0.24700433587198745,0.0,0.0,0.9880173434879498
2018-11-23 05:00:00+00:00,13.181720961104478,0.2438932856585987,0.0,0.0,0.9755731426343948
2018-11-23 06:00:00+00:00,5.737666666666667,0.24028283405649836,0.0,0.0,0.9611313362259934
2018-11-23 07:00:00+00:00,4.409333333333333,0.23963857717419162,0.0,0.0,0.9585543086967665
2018-11-23 08:00:00+00:00,3.174851851851852,0.23903983951507643,0.0,0.0,0.9561593580603057
2018-11-23 09:00:00+00:00,2.528653944864801,0.23872642612819417,0.0,0.0,0.9549057045127767
2018-11-23 10:00:00+00:00,0.6323747510951289,0.2378067089979348,0.0,0.0,0.9512268359917392
2018-11-23 11:00:00+00:00,8.69974074074074,0.24171947391205012,0.0,0.0,0.9668778956482005
2018-11-23 12:00:00+00:00,3.468518518518519,0.23918227121226895,0.0,0.0,0.9567290848490758
2018-11-23 13:00:00+00:00,25.269177585291366,0.24975584057933894,0.0,0.0,0.9990233623173558
2018-11-23 14:00:00+00:00,63.70684213903282,0.268398548179248,0.0,0.0,0.9264058072830079
2018-11-23 15:00:00+00:00,145.2139528508984,0.30793043051279156,0.0,0.0,0.7682782779488337
2018-11-23 16:00:00+00:00,101.25898820744236,0.2866117691704356,0.0,0.0,0.8535529233182575
2018-11-23 17:00:00+00:00,50.963276982388294,0.26221777310474914,0.0,0.0,0.9511289075810034
2018-11-23 18:00:00+00:00,15.901141588123108,0.24521223581280974,0.0,0.0,0.980848943251239
2018-11-23 19:00:00+00:00,16.839778109650794,0.24566748527753648,2.128,0.12636746079097408,0.9826699411101459
2018-11-23 20:00:00+00:00,18.786847050754393,0.24661183601703335,0.0,0.0,0.9864473440681334
2018-11-23 21:00:00+00:00,15.959105336519338,0.2452403488947384,19.691,1.0,0.9809613955789536
2018-11-23 22:00:00+00:00,16.810390758440615,0.24565323207557668,20.636000000000003,1.0,0.9826129283023067
2018-11-23 23:00:00+00:00,20.273158425151475,0.24733271405884474,0.0,0.0,0.989330856235379
2018-11-24 00:00:00+00:00,44.59700065600224,0.2591300561627612,0.942,0.021122496718245506,0.9634797753489552
2018-11-24 01:00:00+00:00,44.8446743668967,0.25925018074956935,9.232,0.205866139744229,0.9629992770017226
2018-11-24 02:00:00+00:00,32.54641257356499,0.253285382907087,0.0,0.0,0.9868584683716519
2018-11-24 03:00:00+00:00,21.913851851851852,0.24812846916442102,33.538,1.0,0.9925138766576841
2018-11-24 04:00:00+00:00,24.518485696269565,0.24939174641422415,0.0,0.0,0.9975669856568966
2018-11-24 05:00:00+00:00,21.702111111111112,0.24802577247973823,0.0,0.0,0.9921030899189529
2018-11-24 06:00:00+00:00,9.782029016770627,0.24224439612319604,0.0,0.0,0.9689775844927841
2018-11-24 07:00:00+00:00,7.641911378821941,0.24120641455441724,0.0,0.0,0.964825658217669
2018-11-24 08:00:00+00:00,9.262151157130868,0.24199224940623357,0.0,0.0,0.9679689976249343
2018-11-24 09:00:00+00:00,2.125185185185185,0.23853073915814194,0.0,0.0,0.9541229566325677
2018-11-24 10:00:00+00:00,1.470814814814815,0.23821336203290577,0.0,0.0,0.9528534481316231
2018-11-24 11:00:00+00:00,1.6983703703703705,0.23832372908392746,0.0,0.0,0.9532949163357098
2018-11-24 12:00:00+00:00,0.8989629629629631,0.23793600733437473,0.0,0.0,0.9517440293374989
2018-11-24 13:00:00+00:00,5.639412139917696,0.24023517948555045,0.0,0.0,0.9609407179422018
2018-11-24 14:00:00+00:00,25.56638780709308,0.24989999094136228,0.0,0.0,0.9995999637654491
2018-11-24 15:00:00+00:00,21.712287438271606,0.2480307081149777,9.91,0.456423581724141,0.9921228324599108
2018-11-24 16:00:00+00:00,38.60240740740741,0.2562226097710146,15.01,0.388835852686217,0.9751095609159417
2018-11-24 17:00:00+00:00,32.99711111111111,0.2535039768604067,0.0,0.0,0.9859840925583732
2018-11-24 18:00:00+00:00,30.292271262224013,0.2521920985506077,15.368,0.5073241245916305,0.9912316057975692
2018-11-24 19:00:00+00:00,34.61572742554917,0.2542890243136494,39.493,1.0,0.9828439027454023
2018-11-24 20:00:00+00:00,31.648358635890954,0.25284981646039006,0.0,0.0,0.9886007341584397
2018-11-24 21:00:00+00:00,25.336444444444446,0.2497884657765489,7.895,0.31160646938095315,0.9991538631061956
2018-11-24 22:00:00+00:00,29.28054235806901,0.2517013984430565,25.15,0.8589321772951813,0.993194406227774
2018-11-24 23:00:00+00:00,34.832683581131974,0.2543942505342715,0.0,0.0,0.982422997862914
2018-11-25 00:00:00+00:00,22.332740740740743,0.24833163507377246,23.485,1.0,0.9933265402950898
2018-11-25 01:00:00+00:00,17.837323702597573,0.24615130631668633,28.048000000000002,1.0,0.9846052252667453
2018-11-25 02:00:00+00:00,14.193010100004347,0.2443837724749638,62.304,1.0,0.9775350898998552
2018-11-25 03:00:00+00:00,16.05813159874326,0.24528837776623166,6.063,0.37756571882089335,0.9811535110649267
2018-11-25 04:00:00+00:00,13.875267080401725,0.2442296634708103,6.072,0.4376131979885608,0.9769186538832412
2018-11-25 05:00:00+00:00,10.8154716801629,0.2427456276527016,0.0,0.0,0.9709825106108064
2018-11-25 06:00:00+00:00,11.031925925925927,0.2428506104413119,0.0,0.0,0.9714024417652476
2018-11-25 07:00:00+00:00,5.5541695982122965,0.24019383587639684,0.0,0.0,0.9607753435055874
2018-11-25 08:00:00+00:00,4.021418348156958,0.23945043396293705,0.0,0.0,0.9578017358517482
2018-11-25 09:00:00+00:00,3.6813333333333333,0.23928548883518083,0.0,0.0,0.9571419553407233
2018-11-25 10:00:00+00:00,1.0577441411635176,0.23801301802459038,0.0,0.0,0.9520520720983615
2018-11-25 11:00:00+00:00,0.5976538461538461,0.23778986896132123,0.0,0.0,0.9511594758452849
2018-11-25 12:00:00+00:00,0.9294615384615385,0.2379507994928431,0.0,0.0,0.9518031979713724
2018-11-25 13:00:00+00:00,1.1335219189412784,0.23804977111482317,0.0,0.0,0.9521990844592927
2018-11-25 14:00:00+00:00,9.043115384615383,0.24188601454757774,0.0,0.0,0.967544058190311
2018-11-25 15:00:00+00:00,16.009206292390484,0.2452646484322266,0.0,0.0,0.9810585937289064
2018-11-25 16:00:00+00:00,27.442611501700245,0.2508099809247984,0.889,0.03239487611974978,0.9967600763008064
2018-11-25 17:00:00+00:00,29.32869191710326,0.25172475153072615,4.193,0.142965803311358,0.9931009938770954
2018-11-25 18:00:00+00:00,35.40048625022982,0.25466964133278475,8.44,0.23841480425837958,0.981321434668861
2018-11-25 19:00:00+00:00,31.852808664529917,0.25294897706619063,30.805,0.9671046696206506,0.9882040917352375
2018-11-25 20:00:00+00:00,33.789626217719096,0.25388835576512264,0.0,0.0,0.9844465769395094
2018-11-25 21:00:00+00:00,26.314874149894198,0.2502630153912962,28.831000000000003,1.0,0.9989479384348152
2018-11-25 22:00:00+00:00,20.31902722635785,0.2473549609528425,0.0,0.0,0.98941984381137
2018-11-25 23:00:00+00:00,29.84093795940163,0.251973196728858,7.851,0.26309494730632216,0.9921072130845681
2018-11-26 00:00:00+00:00,36.09697783303449,0.2550074477285368,8.341000000000001,0.23107197612445707,0.9799702090858529
2018-11-26 01:00:00+00:00,28.355532223600715,0.2512527579321395,9.441,0.33295090092303475,0.9949889682714419
2018-11-26 02:00:00+00:00,21.918152904145003,0.2481305552240504,15.235999999999999,0.6951315681860526,0.9925222208962016
2018-11-26 03:00:00+00:00,27.73669230769231,0.2509526134843076,0.501,0.018062716146620555,0.9961895460627697
2018-11-26 04:00:00+00:00,14.283072982836973,0.24442745400477958,0.0,0.0,0.9777098160191183
2018-11-26 05:00:00+00:00,11.452353391232709,0.2430545225778499,5.097,0.44506136213906766,0.9722180903113996
2018-11-26 06:00:00+00:00,3.2390808226495724,0.23907099130163595,5.349,1.0,0.9562839652065438
2018-11-26 07:00:00+00:00,3.2211809461443988,0.2390623096564935,0.0,0.0,0.956249238625974
2018-11-26 08:00:00+00:00,1.569521321569407,0.2382612358193337,35.693,1.0,0.9530449432773348
2018-11-26 09:00:00+00:00,2.720360031247122,0.23881940577602245,0.0,0.0,0.9552776231040898
2018-11-26 10:00:00+00:00,1.1981538461538461,0.23808111833985965,0.0,0.0,0.9523244733594386
2018-11-26 11:00:00+00:00,10.862304721647787,0.2427683422142795,0.91,0.08377595945973011,0.971073368857118
2018-11-26 12:00:00+00:00,4.000961538461538,0.23944051217590848,0.0,0.0,0.9577620487036339
2018-11-26 13:00:00+00:00,27.420274480746194,0.25079914721377217,0.0,0.0,0.9968034111449113
2018-11-26 14:00:00+00:00,73.41182745152048,0.27310557722335543,60.247,0.8206715742062921,0.9075776911065783
2018-11-26 15:00:00+00:00,167.3814948445675,0.31868194230193464,74.876,0.4473373837981957,0.7252722307922614
2018-11-26 16:00:00+00:00,77.87270316377156,0.2752691530417239,212.88,1.0,0.8989233878331044
2018-11-26 17:00:00+00:00,41.61537915862511,0.25768393558299785,45.717,1.0,0.9692642576680086
2018-11-26 18:00:00+00:00,17.18296359227089,0.24583393416768887,36.19,1.0,0.9833357366707555
2018-11-26 19:00:00+00:00,27.516036945133706,0.25084559310592897,13.613,0.4947296744492669,0.9966176275762841
2018-11-26 20:00:00+00:00,25.53718317480037,0.24988582636017045,12.071,0.47268329938250375,0.9995433054406818
2018-11-26 21:00:00+00:00,13.935752630732422,0.2442589996555636,33.884,1.0,0.9770359986222544
2018-11-26 22:00:00+00:00,18.591274285451654,0.2465169809856371,1.229,0.06610628088908016,0.9860679239425484
2018-11-26 23:00:00+00:00,23.627275756134967,0.24895949938472964,0.875,0.03703346966578662,0.9958379975389186
2018-11-27 00:00:00+00:00,39.42935018633383,0.256623686491163,4.329,0.10979130976143824,0.9735052540353479
2018-11-27 01:00:00+00:00,38.211682756410255,0.2560331038396531,6.125,0.1602912920387546,0.9758675846413876
2018-11-27 02:00:00+00:00,40.34658601001743,0.2570685563722971,12.948,0.320919346107381,0.9717257745108117
2018-11-27 03:00:00+00:00,21.212540345556494,0.24778832505056528,6.799,0.3205179525527325,0.9911533002022611
2018-11-27 04:00:00+00:00,13.999589188034188,0.24428996111708262,0.0,0.0,0.9771598444683305
2018-11-27 05:00:00+00:00,10.440443950464017,0.2425637349079731,0.907,0.08687370041957738,0.9702549396318924
2018-11-27 06:00:00+00:00,3.824518346199744,0.2393549352065603,0.0,0.0,0.9574197408262412
2018-11-27 07:00:00+00:00,1.2423024423306908,0.2381025309147137,0.0,0.0,0.9524101236588548
2018-11-27 08:00:00+00:00,1.9674314860766378,0.23845422680705536,0.0,0.0,0.9538169072282214
2018-11-27 09:00:00+00:00,0.37634615384615383,0.23768253219554208,0.0,0.0,0.9507301287821683
2018-11-27 10:00:00+00:00,0.9538528857641767,0.2379626295756801,0.0,0.0,0.9518505183027204
2018-11-27 11:00:00+00:00,12.795,0.24370572156269618,0.0,0.0,0.9748228862507847
2018-11-27 12:00:00+00:00,4.732902596153846,0.23979551197304358,0.0,0.0,0.9591820478921743
2018-11-27 13:00:00+00:00,24.61397796893666,0.2494380612603016,0.0,0.0,0.9977522450412064
2018-11-27 14:00:00+00:00,68.8511297667948,0.27089358660490753,41.047,0.5961703190496658,0.9164256535803699
2018-11-27 15:00:00+00:00,146.07515868980178,0.3083481252095014,18.204,0.12462077853125694,0.7666074991619944
2018-11-27 16:00:00+00:00,103.3515049398031,0.2876266637547509,205.46,1.0,0.8494933449809965
2018-11-27 17:00:00+00:00,35.239615384615384,0.25459161712023665,61.614000000000004,1.0,0.9816335315190534
2018-11-27 18:00:00+00:00,16.909384615384617,0.24570124523013798,44.552,1.0,0.9828049809205519
2018-11-27 19:00:00+00:00,27.931714593672464,0.25104720152692683,7.1690000000000005,0.2566616516131823,0.9958111938922927
2018-11-27 20:00:00+00:00,17.357903122415177,0.24591878184368607,6.707000000000001,0.3863945980513566,0.9836751273747443
2018-11-27 21:00:00+00:00,11.722372874735832,0.24318548512033708,0.0,0.0,0.9727419404813483
2018-11-27 22:00:00+00:00,24.316501102839915,0.24929378157274085,10.442,0.4294203329598469,0.9971751262909634
2018-11-27 23:00:00+00:00,21.992226346384193,0.24816648169202435,17.60168722222222,0.8003594972600928,0.9926659267680974
2018-11-28 00:00:00+00:00,34.26226376252099,0.2541175903882658,10.904,0.31825100861921835,0.9835296384469367
2018-11-28 01:00:00+00:00,42.71180738213398,0.25821571583063974,13.691,0.3205436819263902,0.9671371366774411
2018-11-28 02:00:00+00:00,43.799695857457955,0.25874335420259176,14.629,0.3339977530348321,0.965026583189633
2018-11-28 03:00:00+00:00,35.60642307692307,0.25476952305267253,18.696,0.5250738036676617,0.9809219077893099
2018-11-28 04:00:00+00:00,15.951502986858626,0.24523666166807043,0.0,0.0,0.9809466466722817
2018-11-28 05:00:00+00:00,11.26272966639096,0.2429625528992216,4.884,0.4336426554367467,0.9718502115968864
2018-11-28 06:00:00+00:00,5.4735000000000005,0.24015471019721904,0.0,0.0,0.9606188407888762
2018-11-28 07:00:00+00:00,2.818788394908333,0.23886714465986403,0.0,0.0,0.9554685786394561
2018-11-28 08:00:00+00:00,1.3277774331402505,0.23814398726434544,0.0,0.0,0.9525759490573817
2018-11-28 09:00:00+00:00,0.2012583861776956,0.2375976126226476,0.0,0.0,0.9503904504905905
2018-11-28 10:00:00+00:00,0.237,0.23761494771476038,0.0,0.0,0.9504597908590415
2018-11-28 11:00:00+00:00,9.586925925925925,0.24214976888929188,0.0,0.0,0.9685990755571675
2018-11-28 12:00:00+00:00,5.815444444444444,0.24032055716964054,0.0,0.0,0.9612822286785622
2018-11-28 13:00:00+00:00,20.761444444444443,0.24756953837136442,0.0,0.0,0.9902781534854577
2018-11-28 14:00:00+00:00,61.09572359396424,0.26713212577534895,31.085,0.5087917479558414,0.9314714968986042
2018-11-28 15:00:00+00:00,148.14892262566804,0.3093539244727095,37.216,0.25120668676096075,0.7625843021091621
2018-11-28 16:00:00+00:00,92.79059670781841,0.2825045022903599,123.354,1.0,0.8699819908385604
2018-11-28 17:00:00+00:00,35.56236281472607,0.2547481533208105,99.564,1.0,0.9810073867167579
